{"initial_reset_timestamp": 1591993217.793201, "timestamps": [1591993220.1462533, 1591993260.9616666, 1591993341.071593, 1591993682.5946739, 1591993891.4472113, 1591994048.4088213, 1591994357.1963394, 1591994650.323991, 1591994891.9066398, 1591994892.4178588, 1591994892.9618115, 1591994893.3270159, 1591994893.423213], "episode_lengths": [121, 101, 593, 1590, 2139, 263, 279, 689, 268, 373, 335, 303, 147], "episode_rewards": [-374.3699759202131, -255.29794563248385, -262.552803152648, -18.915623456365836, -619.4180546329038, -133.85733807038207, 294.48758448493663, 222.12632412962205, 254.02566081854346, 273.32928524093825, 287.49386797829106, 258.6690455271853, -11.688112004974158], "episode_types": ["t", "t", "t", "t", "t", "t", "t", "t", "t", "t", "t", "t", "t"]}